"artifact","moduleUrl","moduleLicense","moduleLicenseUrl",
"antlr:antlr:2.7.7","http://www.antlr.org/","BSD License","http://www.antlr.org/license.html",
"aopalliance:aopalliance:1.0","http://aopalliance.sourceforge.net","Public Domain",,
"asm:asm:3.3.1",,"BSD","http://asm.objectweb.org/license.html",
"ch.qos.logback:logback-access:1.2.1","http://www.qos.ch","http://www.eclipse.org/legal/epl-v10.html, http://www.gnu.org/licenses/old-licenses/lgpl-2.1.html",,
"ch.qos.logback:logback-classic:1.2.1","http://www.qos.ch","http://www.eclipse.org/legal/epl-v10.html, http://www.gnu.org/licenses/old-licenses/lgpl-2.1.html",,
"ch.qos.logback:logback-core:1.2.1","http://www.qos.ch","http://www.eclipse.org/legal/epl-v10.html, http://www.gnu.org/licenses/old-licenses/lgpl-2.1.html",,
"com.amazonaws:aws-java-sdk:1.11.325","https://aws.amazon.com/sdkforjava","Apache License, Version 2.0","https://aws.amazon.com/apache2.0",
"com.amazonaws:aws-java-sdk-acm:1.11.325","https://aws.amazon.com/sdkforjava","Apache License, Version 2.0","https://aws.amazon.com/apache2.0",
"com.amazonaws:aws-java-sdk-acmpca:1.11.325","https://aws.amazon.com/sdkforjava","Apache License, Version 2.0","https://aws.amazon.com/apache2.0",
"com.amazonaws:aws-java-sdk-alexaforbusiness:1.11.325","https://aws.amazon.com/sdkforjava","Apache License, Version 2.0","https://aws.amazon.com/apache2.0",
"com.amazonaws:aws-java-sdk-api-gateway:1.11.325","https://aws.amazon.com/sdkforjava","Apache License, Version 2.0","https://aws.amazon.com/apache2.0",
"com.amazonaws:aws-java-sdk-applicationautoscaling:1.11.325","https://aws.amazon.com/sdkforjava","Apache License, Version 2.0","https://aws.amazon.com/apache2.0",
"com.amazonaws:aws-java-sdk-appstream:1.11.325","https://aws.amazon.com/sdkforjava","Apache License, Version 2.0","https://aws.amazon.com/apache2.0",
"com.amazonaws:aws-java-sdk-appsync:1.11.325","https://aws.amazon.com/sdkforjava","Apache License, Version 2.0","https://aws.amazon.com/apache2.0",
"com.amazonaws:aws-java-sdk-athena:1.11.325","https://aws.amazon.com/sdkforjava","Apache License, Version 2.0","https://aws.amazon.com/apache2.0",
"com.amazonaws:aws-java-sdk-autoscaling:1.11.325","https://aws.amazon.com/sdkforjava","Apache License, Version 2.0","https://aws.amazon.com/apache2.0",
"com.amazonaws:aws-java-sdk-autoscalingplans:1.11.325","https://aws.amazon.com/sdkforjava","Apache License, Version 2.0","https://aws.amazon.com/apache2.0",
"com.amazonaws:aws-java-sdk-batch:1.11.325","https://aws.amazon.com/sdkforjava","Apache License, Version 2.0","https://aws.amazon.com/apache2.0",
"com.amazonaws:aws-java-sdk-budgets:1.11.325","https://aws.amazon.com/sdkforjava","Apache License, Version 2.0","https://aws.amazon.com/apache2.0",
"com.amazonaws:aws-java-sdk-cloud9:1.11.325","https://aws.amazon.com/sdkforjava","Apache License, Version 2.0","https://aws.amazon.com/apache2.0",
"com.amazonaws:aws-java-sdk-clouddirectory:1.11.325","https://aws.amazon.com/sdkforjava","Apache License, Version 2.0","https://aws.amazon.com/apache2.0",
"com.amazonaws:aws-java-sdk-cloudformation:1.11.325","https://aws.amazon.com/sdkforjava","Apache License, Version 2.0","https://aws.amazon.com/apache2.0",
"com.amazonaws:aws-java-sdk-cloudfront:1.11.325","https://aws.amazon.com/sdkforjava","Apache License, Version 2.0","https://aws.amazon.com/apache2.0",
"com.amazonaws:aws-java-sdk-cloudhsm:1.11.325","https://aws.amazon.com/sdkforjava","Apache License, Version 2.0","https://aws.amazon.com/apache2.0",
"com.amazonaws:aws-java-sdk-cloudhsmv2:1.11.325","https://aws.amazon.com/sdkforjava","Apache License, Version 2.0","https://aws.amazon.com/apache2.0",
"com.amazonaws:aws-java-sdk-cloudsearch:1.11.325","https://aws.amazon.com/sdkforjava","Apache License, Version 2.0","https://aws.amazon.com/apache2.0",
"com.amazonaws:aws-java-sdk-cloudtrail:1.11.325","https://aws.amazon.com/sdkforjava","Apache License, Version 2.0","https://aws.amazon.com/apache2.0",
"com.amazonaws:aws-java-sdk-cloudwatch:1.11.325","https://aws.amazon.com/sdkforjava","Apache License, Version 2.0","https://aws.amazon.com/apache2.0",
"com.amazonaws:aws-java-sdk-cloudwatchmetrics:1.11.325","https://aws.amazon.com/sdkforjava","Apache License, Version 2.0","https://aws.amazon.com/apache2.0",
"com.amazonaws:aws-java-sdk-codebuild:1.11.325","https://aws.amazon.com/sdkforjava","Apache License, Version 2.0","https://aws.amazon.com/apache2.0",
"com.amazonaws:aws-java-sdk-codecommit:1.11.325","https://aws.amazon.com/sdkforjava","Apache License, Version 2.0","https://aws.amazon.com/apache2.0",
"com.amazonaws:aws-java-sdk-codedeploy:1.11.325","https://aws.amazon.com/sdkforjava","Apache License, Version 2.0","https://aws.amazon.com/apache2.0",
"com.amazonaws:aws-java-sdk-codepipeline:1.11.325","https://aws.amazon.com/sdkforjava","Apache License, Version 2.0","https://aws.amazon.com/apache2.0",
"com.amazonaws:aws-java-sdk-codestar:1.11.325","https://aws.amazon.com/sdkforjava","Apache License, Version 2.0","https://aws.amazon.com/apache2.0",
"com.amazonaws:aws-java-sdk-cognitoidentity:1.11.325","https://aws.amazon.com/sdkforjava","Apache License, Version 2.0","https://aws.amazon.com/apache2.0",
"com.amazonaws:aws-java-sdk-cognitoidp:1.11.325","https://aws.amazon.com/sdkforjava","Apache License, Version 2.0","https://aws.amazon.com/apache2.0",
"com.amazonaws:aws-java-sdk-cognitosync:1.11.325","https://aws.amazon.com/sdkforjava","Apache License, Version 2.0","https://aws.amazon.com/apache2.0",
"com.amazonaws:aws-java-sdk-comprehend:1.11.325","https://aws.amazon.com/sdkforjava","Apache License, Version 2.0","https://aws.amazon.com/apache2.0",
"com.amazonaws:aws-java-sdk-config:1.11.325","https://aws.amazon.com/sdkforjava","Apache License, Version 2.0","https://aws.amazon.com/apache2.0",
"com.amazonaws:aws-java-sdk-connect:1.11.325","https://aws.amazon.com/sdkforjava","Apache License, Version 2.0","https://aws.amazon.com/apache2.0",
"com.amazonaws:aws-java-sdk-core:1.11.325","https://aws.amazon.com/sdkforjava","Apache License, Version 2.0","https://aws.amazon.com/apache2.0",
"com.amazonaws:aws-java-sdk-costandusagereport:1.11.325","https://aws.amazon.com/sdkforjava","Apache License, Version 2.0","https://aws.amazon.com/apache2.0",
"com.amazonaws:aws-java-sdk-costexplorer:1.11.325","https://aws.amazon.com/sdkforjava","Apache License, Version 2.0","https://aws.amazon.com/apache2.0",
"com.amazonaws:aws-java-sdk-datapipeline:1.11.325","https://aws.amazon.com/sdkforjava","Apache License, Version 2.0","https://aws.amazon.com/apache2.0",
"com.amazonaws:aws-java-sdk-dax:1.11.325","https://aws.amazon.com/sdkforjava","Apache License, Version 2.0","https://aws.amazon.com/apache2.0",
"com.amazonaws:aws-java-sdk-devicefarm:1.11.325","https://aws.amazon.com/sdkforjava","Apache License, Version 2.0","https://aws.amazon.com/apache2.0",
"com.amazonaws:aws-java-sdk-directconnect:1.11.325","https://aws.amazon.com/sdkforjava","Apache License, Version 2.0","https://aws.amazon.com/apache2.0",
"com.amazonaws:aws-java-sdk-directory:1.11.325","https://aws.amazon.com/sdkforjava","Apache License, Version 2.0","https://aws.amazon.com/apache2.0",
"com.amazonaws:aws-java-sdk-discovery:1.11.325","https://aws.amazon.com/sdkforjava","Apache License, Version 2.0","https://aws.amazon.com/apache2.0",
"com.amazonaws:aws-java-sdk-dms:1.11.325","https://aws.amazon.com/sdkforjava","Apache License, Version 2.0","https://aws.amazon.com/apache2.0",
"com.amazonaws:aws-java-sdk-dynamodb:1.11.325","https://aws.amazon.com/sdkforjava","Apache License, Version 2.0","https://aws.amazon.com/apache2.0",
"com.amazonaws:aws-java-sdk-ec2:1.11.325","https://aws.amazon.com/sdkforjava","Apache License, Version 2.0","https://aws.amazon.com/apache2.0",
"com.amazonaws:aws-java-sdk-ecr:1.11.325","https://aws.amazon.com/sdkforjava","Apache License, Version 2.0","https://aws.amazon.com/apache2.0",
"com.amazonaws:aws-java-sdk-ecs:1.11.325","https://aws.amazon.com/sdkforjava","Apache License, Version 2.0","https://aws.amazon.com/apache2.0",
"com.amazonaws:aws-java-sdk-efs:1.11.325","https://aws.amazon.com/sdkforjava","Apache License, Version 2.0","https://aws.amazon.com/apache2.0",
"com.amazonaws:aws-java-sdk-elasticache:1.11.325","https://aws.amazon.com/sdkforjava","Apache License, Version 2.0","https://aws.amazon.com/apache2.0",
"com.amazonaws:aws-java-sdk-elasticbeanstalk:1.11.325","https://aws.amazon.com/sdkforjava","Apache License, Version 2.0","https://aws.amazon.com/apache2.0",
"com.amazonaws:aws-java-sdk-elasticloadbalancing:1.11.325","https://aws.amazon.com/sdkforjava","Apache License, Version 2.0","https://aws.amazon.com/apache2.0",
"com.amazonaws:aws-java-sdk-elasticloadbalancingv2:1.11.325","https://aws.amazon.com/sdkforjava","Apache License, Version 2.0","https://aws.amazon.com/apache2.0",
"com.amazonaws:aws-java-sdk-elasticsearch:1.11.325","https://aws.amazon.com/sdkforjava","Apache License, Version 2.0","https://aws.amazon.com/apache2.0",
"com.amazonaws:aws-java-sdk-elastictranscoder:1.11.325","https://aws.amazon.com/sdkforjava","Apache License, Version 2.0","https://aws.amazon.com/apache2.0",
"com.amazonaws:aws-java-sdk-emr:1.11.325","https://aws.amazon.com/sdkforjava","Apache License, Version 2.0","https://aws.amazon.com/apache2.0",
"com.amazonaws:aws-java-sdk-events:1.11.325","https://aws.amazon.com/sdkforjava","Apache License, Version 2.0","https://aws.amazon.com/apache2.0",
"com.amazonaws:aws-java-sdk-fms:1.11.325","https://aws.amazon.com/sdkforjava","Apache License, Version 2.0","https://aws.amazon.com/apache2.0",
"com.amazonaws:aws-java-sdk-gamelift:1.11.325","https://aws.amazon.com/sdkforjava","Apache License, Version 2.0","https://aws.amazon.com/apache2.0",
"com.amazonaws:aws-java-sdk-glacier:1.11.325","https://aws.amazon.com/sdkforjava","Apache License, Version 2.0","https://aws.amazon.com/apache2.0",
"com.amazonaws:aws-java-sdk-glue:1.11.325","https://aws.amazon.com/sdkforjava","Apache License, Version 2.0","https://aws.amazon.com/apache2.0",
"com.amazonaws:aws-java-sdk-greengrass:1.11.325","https://aws.amazon.com/sdkforjava","Apache License, Version 2.0","https://aws.amazon.com/apache2.0",
"com.amazonaws:aws-java-sdk-guardduty:1.11.325","https://aws.amazon.com/sdkforjava","Apache License, Version 2.0","https://aws.amazon.com/apache2.0",
"com.amazonaws:aws-java-sdk-health:1.11.325","https://aws.amazon.com/sdkforjava","Apache License, Version 2.0","https://aws.amazon.com/apache2.0",
"com.amazonaws:aws-java-sdk-iam:1.11.325","https://aws.amazon.com/sdkforjava","Apache License, Version 2.0","https://aws.amazon.com/apache2.0",
"com.amazonaws:aws-java-sdk-importexport:1.11.325","https://aws.amazon.com/sdkforjava","Apache License, Version 2.0","https://aws.amazon.com/apache2.0",
"com.amazonaws:aws-java-sdk-inspector:1.11.325","https://aws.amazon.com/sdkforjava","Apache License, Version 2.0","https://aws.amazon.com/apache2.0",
"com.amazonaws:aws-java-sdk-iot:1.11.325","https://aws.amazon.com/sdkforjava","Apache License, Version 2.0","https://aws.amazon.com/apache2.0",
"com.amazonaws:aws-java-sdk-iotanalytics:1.11.325","https://aws.amazon.com/sdkforjava","Apache License, Version 2.0","https://aws.amazon.com/apache2.0",
"com.amazonaws:aws-java-sdk-iotjobsdataplane:1.11.325","https://aws.amazon.com/sdkforjava","Apache License, Version 2.0","https://aws.amazon.com/apache2.0",
"com.amazonaws:aws-java-sdk-kinesis:1.11.325","https://aws.amazon.com/sdkforjava","Apache License, Version 2.0","https://aws.amazon.com/apache2.0",
"com.amazonaws:aws-java-sdk-kinesisvideo:1.11.325","https://aws.amazon.com/sdkforjava","Apache License, Version 2.0","https://aws.amazon.com/apache2.0",
"com.amazonaws:aws-java-sdk-kms:1.11.325","https://aws.amazon.com/sdkforjava","Apache License, Version 2.0","https://aws.amazon.com/apache2.0",
"com.amazonaws:aws-java-sdk-lambda:1.11.325","https://aws.amazon.com/sdkforjava","Apache License, Version 2.0","https://aws.amazon.com/apache2.0",
"com.amazonaws:aws-java-sdk-lex:1.11.325","https://aws.amazon.com/sdkforjava","Apache License, Version 2.0","https://aws.amazon.com/apache2.0",
"com.amazonaws:aws-java-sdk-lexmodelbuilding:1.11.325","https://aws.amazon.com/sdkforjava","Apache License, Version 2.0","https://aws.amazon.com/apache2.0",
"com.amazonaws:aws-java-sdk-lightsail:1.11.325","https://aws.amazon.com/sdkforjava","Apache License, Version 2.0","https://aws.amazon.com/apache2.0",
"com.amazonaws:aws-java-sdk-logs:1.11.325","https://aws.amazon.com/sdkforjava","Apache License, Version 2.0","https://aws.amazon.com/apache2.0",
"com.amazonaws:aws-java-sdk-machinelearning:1.11.325","https://aws.amazon.com/sdkforjava","Apache License, Version 2.0","https://aws.amazon.com/apache2.0",
"com.amazonaws:aws-java-sdk-marketplacecommerceanalytics:1.11.325","https://aws.amazon.com/sdkforjava","Apache License, Version 2.0","https://aws.amazon.com/apache2.0",
"com.amazonaws:aws-java-sdk-marketplaceentitlement:1.11.325","https://aws.amazon.com/sdkforjava","Apache License, Version 2.0","https://aws.amazon.com/apache2.0",
"com.amazonaws:aws-java-sdk-marketplacemeteringservice:1.11.325","https://aws.amazon.com/sdkforjava","Apache License, Version 2.0","https://aws.amazon.com/apache2.0",
"com.amazonaws:aws-java-sdk-mechanicalturkrequester:1.11.325","https://aws.amazon.com/sdkforjava","Apache License, Version 2.0","https://aws.amazon.com/apache2.0",
"com.amazonaws:aws-java-sdk-mediaconvert:1.11.325","https://aws.amazon.com/sdkforjava","Apache License, Version 2.0","https://aws.amazon.com/apache2.0",
"com.amazonaws:aws-java-sdk-medialive:1.11.325","https://aws.amazon.com/sdkforjava","Apache License, Version 2.0","https://aws.amazon.com/apache2.0",
"com.amazonaws:aws-java-sdk-mediapackage:1.11.325","https://aws.amazon.com/sdkforjava","Apache License, Version 2.0","https://aws.amazon.com/apache2.0",
"com.amazonaws:aws-java-sdk-mediastore:1.11.325","https://aws.amazon.com/sdkforjava","Apache License, Version 2.0","https://aws.amazon.com/apache2.0",
"com.amazonaws:aws-java-sdk-mediastoredata:1.11.325","https://aws.amazon.com/sdkforjava","Apache License, Version 2.0","https://aws.amazon.com/apache2.0",
"com.amazonaws:aws-java-sdk-migrationhub:1.11.325","https://aws.amazon.com/sdkforjava","Apache License, Version 2.0","https://aws.amazon.com/apache2.0",
"com.amazonaws:aws-java-sdk-mobile:1.11.325","https://aws.amazon.com/sdkforjava","Apache License, Version 2.0","https://aws.amazon.com/apache2.0",
"com.amazonaws:aws-java-sdk-models:1.11.325","https://aws.amazon.com/sdkforjava","Apache License, Version 2.0","https://aws.amazon.com/apache2.0",
"com.amazonaws:aws-java-sdk-mq:1.11.325","https://aws.amazon.com/sdkforjava","Apache License, Version 2.0","https://aws.amazon.com/apache2.0",
"com.amazonaws:aws-java-sdk-opsworks:1.11.325","https://aws.amazon.com/sdkforjava","Apache License, Version 2.0","https://aws.amazon.com/apache2.0",
"com.amazonaws:aws-java-sdk-opsworkscm:1.11.325","https://aws.amazon.com/sdkforjava","Apache License, Version 2.0","https://aws.amazon.com/apache2.0",
"com.amazonaws:aws-java-sdk-organizations:1.11.325","https://aws.amazon.com/sdkforjava","Apache License, Version 2.0","https://aws.amazon.com/apache2.0",
"com.amazonaws:aws-java-sdk-pinpoint:1.11.325","https://aws.amazon.com/sdkforjava","Apache License, Version 2.0","https://aws.amazon.com/apache2.0",
"com.amazonaws:aws-java-sdk-polly:1.11.325","https://aws.amazon.com/sdkforjava","Apache License, Version 2.0","https://aws.amazon.com/apache2.0",
"com.amazonaws:aws-java-sdk-pricing:1.11.325","https://aws.amazon.com/sdkforjava","Apache License, Version 2.0","https://aws.amazon.com/apache2.0",
"com.amazonaws:aws-java-sdk-rds:1.11.325","https://aws.amazon.com/sdkforjava","Apache License, Version 2.0","https://aws.amazon.com/apache2.0",
"com.amazonaws:aws-java-sdk-redshift:1.11.325","https://aws.amazon.com/sdkforjava","Apache License, Version 2.0","https://aws.amazon.com/apache2.0",
"com.amazonaws:aws-java-sdk-rekognition:1.11.325","https://aws.amazon.com/sdkforjava","Apache License, Version 2.0","https://aws.amazon.com/apache2.0",
"com.amazonaws:aws-java-sdk-resourcegroups:1.11.325","https://aws.amazon.com/sdkforjava","Apache License, Version 2.0","https://aws.amazon.com/apache2.0",
"com.amazonaws:aws-java-sdk-resourcegroupstaggingapi:1.11.325","https://aws.amazon.com/sdkforjava","Apache License, Version 2.0","https://aws.amazon.com/apache2.0",
"com.amazonaws:aws-java-sdk-route53:1.11.325","https://aws.amazon.com/sdkforjava","Apache License, Version 2.0","https://aws.amazon.com/apache2.0",
"com.amazonaws:aws-java-sdk-s3:1.11.325","https://aws.amazon.com/sdkforjava","Apache License, Version 2.0","https://aws.amazon.com/apache2.0",
"com.amazonaws:aws-java-sdk-sagemaker:1.11.325","https://aws.amazon.com/sdkforjava","Apache License, Version 2.0","https://aws.amazon.com/apache2.0",
"com.amazonaws:aws-java-sdk-sagemakerruntime:1.11.325","https://aws.amazon.com/sdkforjava","Apache License, Version 2.0","https://aws.amazon.com/apache2.0",
"com.amazonaws:aws-java-sdk-secretsmanager:1.11.325","https://aws.amazon.com/sdkforjava","Apache License, Version 2.0","https://aws.amazon.com/apache2.0",
"com.amazonaws:aws-java-sdk-serverlessapplicationrepository:1.11.325","https://aws.amazon.com/sdkforjava","Apache License, Version 2.0","https://aws.amazon.com/apache2.0",
"com.amazonaws:aws-java-sdk-servermigration:1.11.325","https://aws.amazon.com/sdkforjava","Apache License, Version 2.0","https://aws.amazon.com/apache2.0",
"com.amazonaws:aws-java-sdk-servicecatalog:1.11.325","https://aws.amazon.com/sdkforjava","Apache License, Version 2.0","https://aws.amazon.com/apache2.0",
"com.amazonaws:aws-java-sdk-servicediscovery:1.11.325","https://aws.amazon.com/sdkforjava","Apache License, Version 2.0","https://aws.amazon.com/apache2.0",
"com.amazonaws:aws-java-sdk-ses:1.11.325","https://aws.amazon.com/sdkforjava","Apache License, Version 2.0","https://aws.amazon.com/apache2.0",
"com.amazonaws:aws-java-sdk-shield:1.11.325","https://aws.amazon.com/sdkforjava","Apache License, Version 2.0","https://aws.amazon.com/apache2.0",
"com.amazonaws:aws-java-sdk-simpledb:1.11.325","https://aws.amazon.com/sdkforjava","Apache License, Version 2.0","https://aws.amazon.com/apache2.0",
"com.amazonaws:aws-java-sdk-simpleworkflow:1.11.325","https://aws.amazon.com/sdkforjava","Apache License, Version 2.0","https://aws.amazon.com/apache2.0",
"com.amazonaws:aws-java-sdk-snowball:1.11.325","https://aws.amazon.com/sdkforjava","Apache License, Version 2.0","https://aws.amazon.com/apache2.0",
"com.amazonaws:aws-java-sdk-sns:1.11.325","https://aws.amazon.com/sdkforjava","Apache License, Version 2.0","https://aws.amazon.com/apache2.0",
"com.amazonaws:aws-java-sdk-sqs:1.11.325","https://aws.amazon.com/sdkforjava","Apache License, Version 2.0","https://aws.amazon.com/apache2.0",
"com.amazonaws:aws-java-sdk-ssm:1.11.325","https://aws.amazon.com/sdkforjava","Apache License, Version 2.0","https://aws.amazon.com/apache2.0",
"com.amazonaws:aws-java-sdk-stepfunctions:1.11.325","https://aws.amazon.com/sdkforjava","Apache License, Version 2.0","https://aws.amazon.com/apache2.0",
"com.amazonaws:aws-java-sdk-storagegateway:1.11.325","https://aws.amazon.com/sdkforjava","Apache License, Version 2.0","https://aws.amazon.com/apache2.0",
"com.amazonaws:aws-java-sdk-sts:1.11.325","https://aws.amazon.com/sdkforjava","Apache License, Version 2.0","https://aws.amazon.com/apache2.0",
"com.amazonaws:aws-java-sdk-support:1.11.325","https://aws.amazon.com/sdkforjava","Apache License, Version 2.0","https://aws.amazon.com/apache2.0",
"com.amazonaws:aws-java-sdk-swf-libraries:1.11.22","https://aws.amazon.com/sdkforjava","Apache License, Version 2.0","https://aws.amazon.com/apache2.0",
"com.amazonaws:aws-java-sdk-transcribe:1.11.325","https://aws.amazon.com/sdkforjava","Apache License, Version 2.0","https://aws.amazon.com/apache2.0",
"com.amazonaws:aws-java-sdk-translate:1.11.325","https://aws.amazon.com/sdkforjava","Apache License, Version 2.0","https://aws.amazon.com/apache2.0",
"com.amazonaws:aws-java-sdk-waf:1.11.325","https://aws.amazon.com/sdkforjava","Apache License, Version 2.0","https://aws.amazon.com/apache2.0",
"com.amazonaws:aws-java-sdk-workdocs:1.11.325","https://aws.amazon.com/sdkforjava","Apache License, Version 2.0","https://aws.amazon.com/apache2.0",
"com.amazonaws:aws-java-sdk-workmail:1.11.325","https://aws.amazon.com/sdkforjava","Apache License, Version 2.0","https://aws.amazon.com/apache2.0",
"com.amazonaws:aws-java-sdk-workspaces:1.11.325","https://aws.amazon.com/sdkforjava","Apache License, Version 2.0","https://aws.amazon.com/apache2.0",
"com.amazonaws:aws-java-sdk-xray:1.11.325","https://aws.amazon.com/sdkforjava","Apache License, Version 2.0","https://aws.amazon.com/apache2.0",
"com.amazonaws:jmespath-java:1.11.325","https://aws.amazon.com/sdkforjava","Apache License, Version 2.0","https://aws.amazon.com/apache2.0",
"com.atomikos:atomikos-util:4.0.4",,"Atomikos Multiple Licensing Scheme","http://www.atomikos.com/Main/WhichLicenseApplies",
"com.atomikos:transactions:4.0.4",,"Atomikos Multiple Licensing Scheme","http://www.atomikos.com/Main/WhichLicenseApplies",
"com.atomikos:transactions-api:4.0.4",,"Atomikos Multiple Licensing Scheme","http://www.atomikos.com/Main/WhichLicenseApplies",
"com.atomikos:transactions-hibernate4:4.0.4",,"Atomikos Multiple Licensing Scheme","http://www.atomikos.com/Main/WhichLicenseApplies",
"com.atomikos:transactions-jdbc:4.0.4",,"Atomikos Multiple Licensing Scheme","http://www.atomikos.com/Main/WhichLicenseApplies",
"com.atomikos:transactions-jta:4.0.4",,"Atomikos Multiple Licensing Scheme","http://www.atomikos.com/Main/WhichLicenseApplies",
"com.carrotsearch:hppc:0.7.1",,"The Apache Software License, Version 2.0","http://www.apache.org/licenses/LICENSE-2.0.txt",
"com.connx.jdbc:connxjdbc:12.4",,,,
"com.fasterxml:classmate:1.3.1","http://github.com/cowtowncoder/java-classmate","The Apache Software License, Version 2.0","http://www.apache.org/licenses/LICENSE-2.0.txt",
"com.fasterxml:classmate:1.4.0","http://github.com/FasterXML/java-classmate","The Apache Software License, Version 2.0","http://www.apache.org/licenses/LICENSE-2.0.txt",
"com.fasterxml.jackson.core:jackson-annotations:2.8.0","http://github.com/FasterXML/jackson","The Apache Software License, Version 2.0","http://www.apache.org/licenses/LICENSE-2.0.txt",
"com.fasterxml.jackson.core:jackson-annotations:2.8.2","http://github.com/FasterXML/jackson","The Apache Software License, Version 2.0","http://www.apache.org/licenses/LICENSE-2.0.txt",
"com.fasterxml.jackson.core:jackson-annotations:2.9.3","http://github.com/FasterXML/jackson","The Apache Software License, Version 2.0","http://www.apache.org/licenses/LICENSE-2.0.txt",
"com.fasterxml.jackson.core:jackson-core:2.8.10","https://github.com/FasterXML/jackson-core","The Apache Software License, Version 2.0","http://www.apache.org/licenses/LICENSE-2.0.txt",
"com.fasterxml.jackson.core:jackson-core:2.8.7","https://github.com/FasterXML/jackson-core","The Apache Software License, Version 2.0","http://www.apache.org/licenses/LICENSE-2.0.txt",
"com.fasterxml.jackson.core:jackson-databind:2.8.11.3","http://github.com/FasterXML/jackson","The Apache Software License, Version 2.0","http://www.apache.org/licenses/LICENSE-2.0.txt",
"com.fasterxml.jackson.core:jackson-databind:2.8.7","http://github.com/FasterXML/jackson","The Apache Software License, Version 2.0","http://www.apache.org/licenses/LICENSE-2.0.txt",
"com.fasterxml.jackson.dataformat:jackson-dataformat-cbor:2.8.6","http://github.com/FasterXML/jackson-dataformats-binary","The Apache Software License, Version 2.0","http://www.apache.org/licenses/LICENSE-2.0.txt",
"com.fasterxml.jackson.dataformat:jackson-dataformat-smile:2.8.6","http://github.com/FasterXML/jackson-dataformats-binary","The Apache Software License, Version 2.0","http://www.apache.org/licenses/LICENSE-2.0.txt",
"com.fasterxml.jackson.dataformat:jackson-dataformat-xml:2.4.5","http://wiki.fasterxml.com/JacksonExtensionXmlDataBinding","The Apache Software License, Version 2.0","http://www.apache.org/licenses/LICENSE-2.0.txt",
"com.fasterxml.jackson.dataformat:jackson-dataformat-yaml:2.8.7","https://github.com/FasterXML/jackson","The Apache Software License, Version 2.0","http://www.apache.org/licenses/LICENSE-2.0.txt",
"com.fasterxml.jackson.datatype:jackson-datatype-guava:2.8.7","https://github.com/FasterXML/jackson-datatypes-collections","The Apache Software License, Version 2.0","http://www.apache.org/licenses/LICENSE-2.0.txt",
"com.fasterxml.jackson.datatype:jackson-datatype-hibernate5:2.8.7","https://github.com/FasterXML/jackson-datatype-hibernate","The Apache Software License, Version 2.0","http://www.apache.org/licenses/LICENSE-2.0.txt",
"com.fasterxml.jackson.datatype:jackson-datatype-jdk8:2.8.7","https://github.com/FasterXML/jackson-modules-java8/jackson-datatype-jdk8","The Apache Software License, Version 2.0","http://www.apache.org/licenses/LICENSE-2.0.txt",
"com.fasterxml.jackson.datatype:jackson-datatype-joda:2.8.7","http://wiki.fasterxml.com/JacksonModuleJoda","The Apache Software License, Version 2.0","http://www.apache.org/licenses/LICENSE-2.0.txt",
"com.fasterxml.jackson.datatype:jackson-datatype-jsr310:2.8.7","https://github.com/FasterXML/jackson-modules-java8/jackson-datatype-jsr310","The Apache Software License, Version 2.0","http://www.apache.org/licenses/LICENSE-2.0.txt",
"com.fasterxml.jackson.jaxrs:jackson-jaxrs-base:2.8.7","http://github.com/FasterXML/jackson-jaxrs-providers/jackson-jaxrs-base","The Apache Software License, Version 2.0","http://www.apache.org/licenses/LICENSE-2.0.txt",
"com.fasterxml.jackson.jaxrs:jackson-jaxrs-json-provider:2.8.7","http://github.com/FasterXML/jackson-jaxrs-providers/jackson-jaxrs-json-provider","The Apache Software License, Version 2.0","http://www.apache.org/licenses/LICENSE-2.0.txt",
"com.fasterxml.jackson.module:jackson-module-afterburner:2.8.7","https://github.com/FasterXML/jackson-modules-base","The Apache Software License, Version 2.0","http://www.apache.org/licenses/LICENSE-2.0.txt",
"com.fasterxml.jackson.module:jackson-module-jaxb-annotations:2.8.7","http://github.com/FasterXML/jackson-module-jaxb-annotations","The Apache Software License, Version 2.0","http://www.apache.org/licenses/LICENSE-2.0.txt",
"com.fasterxml.jackson.module:jackson-module-parameter-names:2.8.7","https://github.com/FasterXML/jackson-modules-java8/jackson-module-parameter-names","The Apache Software License, Version 2.0","http://www.apache.org/licenses/LICENSE-2.0.txt",
"com.github.javafaker:javafaker:0.13","http://github.com/DiUS/java-faker","The Apache Software License, Version 2.0","http://www.apache.org/licenses/LICENSE-2.0.txt",
"com.github.mifmif:generex:1.0.2","https://github.com/mifmif/Generex/tree/master","The Apache Software License, Version 2.0","http://www.apache.org/licenses/LICENSE-2.0.txt",
"com.github.spullara.mustache.java:compiler:0.9.4","http://github.com/spullara/mustache.java","The Apache Software License, Version 2.0","http://www.apache.org/licenses/LICENSE-2.0.txt",
"com.github.stephenc.jcip:jcip-annotations:1.0-1","http://stephenc.github.com/jcip-annotations","Apache License, Version 2.0","http://www.apache.org/licenses/LICENSE-2.0.txt",
"com.github.virtuald:curvesapi:1.04","https://github.com/virtuald/curvesapi","BSD License","http://opensource.org/licenses/BSD-3-Clause",
"com.google.code.findbugs:annotations:3.0.1","http://findbugs.sourceforge.net/","GNU Lesser Public License","http://www.gnu.org/licenses/lgpl.html",
"com.google.code.findbugs:jsr305:3.0.1","http://findbugs.sourceforge.net/","The Apache Software License, Version 2.0","http://www.apache.org/licenses/LICENSE-2.0.txt",
"com.google.errorprone:error_prone_annotations:2.0.18",,"Apache 2.0","http://www.apache.org/licenses/LICENSE-2.0.txt",
"com.google.guava:guava:22.0","https://github.com/google/guava/","The Apache Software License, Version 2.0","http://www.apache.org/licenses/LICENSE-2.0.txt",
"com.google.inject:guice:4.1.0","https://github.com/google/guice","The Apache Software License, Version 2.0","http://www.apache.org/licenses/LICENSE-2.0.txt",
"com.google.inject.extensions:guice-multibindings:4.0","https://github.com/google/guice","The Apache Software License, Version 2.0","http://www.apache.org/licenses/LICENSE-2.0.txt",
"com.google.inject.extensions:guice-servlet:4.0","https://github.com/google/guice","The Apache Software License, Version 2.0","http://www.apache.org/licenses/LICENSE-2.0.txt",
"com.google.j2objc:j2objc-annotations:1.1","https://github.com/google/j2objc/","The Apache Software License, Version 2.0","http://www.apache.org/licenses/LICENSE-2.0.txt",
"com.google.protobuf:protobuf-java:2.6.0","http://code.google.com/p/protobuf","The Apache Software License, Version 2.0","http://www.apache.org/licenses/LICENSE-2.0.txt",
"com.googlecode.owasp-java-html-sanitizer:owasp-java-html-sanitizer:r239","http://code.google.com/p/owasp-java-html-sanitizer","New BSD License","http://www.opensource.org/licenses/bsd-license.php",
"com.h2database:h2:1.4.196","http://www.h2database.com","MPL 2.0 or EPL 1.0","http://h2database.com/html/license.html",
"com.hubspot.dropwizard:dropwizard-guice:1.0.6.0","https://github.com/HubSpot/dropwizard-guice",,,
"com.ibm:db2jcc4:4.0.0",,,,
"com.ibm:db2jcc4:4.21.29",,,,
"com.ibm:db2jcc_license_cisuz:4.0.0",,,,
"com.mchange:c3p0:0.9.5.2","https://github.com/swaldman/c3p0","GNU Lesser General Public License, Version 2.1","http://www.gnu.org/licenses/lgpl-2.1.html",
"com.mchange:mchange-commons-java:0.2.11","https://github.com/swaldman/mchange-commons-java","GNU Lesser General Public License, Version 2.1","http://www.gnu.org/licenses/lgpl-2.1.html",
"com.newrelic.agent.java:newrelic-api:3.41.0","https://newrelic.com/",,"https://newrelic.com/docs/java/java-agent-license",
"com.nimbusds:nimbus-jose-jwt:4.39","https://bitbucket.org/connect2id/nimbus-jose-jwt","The Apache Software License, Version 2.0","http://www.apache.org/licenses/LICENSE-2.0.txt",
"com.papertrail:profiler:1.0.2","https://github.com/papertrail/profiler","The Apache License, Version 2.0","http://www.apache.org/licenses/LICENSE-2.0.txt",
"com.squarespace.jersey2-guice:0-jersey2-guice-spi:1.0.6","https://github.com/Squarespace/jersey2-guice","The Apache Software License, Version 2.0","http://www.apache.org/licenses/LICENSE-2.0.txt",
"com.squarespace.jersey2-guice:jersey2-guice-impl:1.0.6","https://github.com/Squarespace/jersey2-guice","The Apache Software License, Version 2.0","http://www.apache.org/licenses/LICENSE-2.0.txt",
"com.sun.mail:javax.mail:1.5.3","http://www.oracle.com","COMMON DEVELOPMENT AND DISTRIBUTION LICENSE (CDDL) Version 1.0","https://opensource.org/licenses/CDDL-1.0",
"com.sun.xml.bind:jaxb-core:2.1.14","http://jaxb.java.net/","GPL2 w/ CPE","https://glassfish.java.net/public/CDDL+GPL_1_1.html",
"com.sun.xml.bind:jaxb-impl:2.1.14","http://jaxb.java.net/","GPL2 w/ CPE","https://glassfish.java.net/public/CDDL+GPL_1_1.html",
"com.sun.xml.fastinfoset:FastInfoset:1.2.12","http://fi.java.net","Apache License, Version 2.0","http://www.opensource.org/licenses/apache2.0.php",
"com.tdunning:t-digest:3.0","https://github.com/tdunning/t-digest","The Apache Software License, Version 2.0","http://www.apache.org/licenses/LICENSE-2.0.txt",
"com.thoughtworks.xstream:xstream:1.4.9","http://x-stream.github.io","BSD style","http://x-stream.github.io/license.html",
"com.unboundid:unboundid-ldapsdk:3.2.0","https://www.ldap.com/unboundid-ldap-sdk-for-java","UnboundID LDAP SDK Free Use License","https://docs.ldap.com/ldap-sdk/docs/LICENSE-UnboundID-LDAPSDK.txt",
"com.zaxxer:HikariCP:2.5.1","https://github.com/brettwooldridge/HikariCP","The Apache Software License, Version 2.0","http://www.apache.org/licenses/LICENSE-2.0.txt",
"commons-beanutils:commons-beanutils:1.8.3","http://commons.apache.org/beanutils/","The Apache Software License, Version 2.0","http://www.apache.org/licenses/LICENSE-2.0.txt",
"commons-cli:commons-cli:1.4","http://commons.apache.org/proper/commons-cli/","Apache License, Version 2.0","https://www.apache.org/licenses/LICENSE-2.0.txt",
"commons-codec:commons-codec:1.10","http://commons.apache.org/proper/commons-codec/","Apache License, Version 2.0","http://www.apache.org/licenses/LICENSE-2.0.txt",
"commons-collections:commons-collections:3.2.2","http://commons.apache.org/collections/","Apache License, Version 2.0","http://www.apache.org/licenses/LICENSE-2.0.txt",
"commons-io:commons-io:2.6","http://commons.apache.org/proper/commons-io/","Apache License, Version 2.0","https://www.apache.org/licenses/LICENSE-2.0.txt",
"commons-logging:commons-logging:1.2","http://commons.apache.org/proper/commons-logging/","The Apache Software License, Version 2.0","http://www.apache.org/licenses/LICENSE-2.0.txt",
"dk.brics.automaton:automaton:1.11-8","http://www.brics.dk/automaton/","BSD","http://www.opensource.org/licenses/bsd-license.php",
"dom4j:dom4j:1.6.1","http://dom4j.org",,,
"gov.ca.cwds.api:api-core:1.7.4_829-RC",,,,
"gov.ca.cwds.api:api-core-abac:1.7.4_829-RC",,,,
"gov.ca.cwds.api:api-core-cms:1.7.4_829-RC",,,,
"gov.ca.cwds.api:api-core-common:1.7.4_829-RC",,,,
"gov.ca.cwds.api:api-core-rest:1.7.4_829-RC",,,,
"gov.ca.cwds.api:api-security:3.0.4_825-RC",,,,
"gov.ca.cwds.api:api-security-common:3.0.4_825-RC",,,,
"gov.ca.cwds.api:drools-engine:1.7.4_829-RC",,,,
"gov.ca.cwds.api:jwt-security:3.0.4_825-RC",,,,
"gov.ca.cwds.api:jwt-security:6.2.0",,,,
"gov.ca.cwds.api:legacy-data-access:1.7.4_829-RC",,,,
"gov.ca.cwds.api:legacy-data-access-services:1.7.4_829-RC",,,,
"gov.ca.cwds.api:perry:6.2.0",,,,
"gov.ca.cwds.cals:cals-api:1.7.19",,,,
"gov.ca.cwds.cals:cals-ns-data-model:0.10.2_706-RC",,,,
"gov.ca.cwds.cals:perry-data-model:0.11.2_726-RC",,,,
"gov.ca.cwds.services:dms-client:0.7.4_113-RC",,,,
"io.dropwizard:dropwizard-assets:1.1.0",,"Apache License 2.0","http://www.apache.org/licenses/LICENSE-2.0.html",
"io.dropwizard:dropwizard-configuration:1.1.0",,"Apache License 2.0","http://www.apache.org/licenses/LICENSE-2.0.html",
"io.dropwizard:dropwizard-core:1.1.0",,"Apache License 2.0","http://www.apache.org/licenses/LICENSE-2.0.html",
"io.dropwizard:dropwizard-db:1.1.0",,"Apache License 2.0","http://www.apache.org/licenses/LICENSE-2.0.html",
"io.dropwizard:dropwizard-hibernate:1.1.0",,"Apache License 2.0","http://www.apache.org/licenses/LICENSE-2.0.html",
"io.dropwizard:dropwizard-jackson:1.1.0",,"Apache License 2.0","http://www.apache.org/licenses/LICENSE-2.0.html",
"io.dropwizard:dropwizard-jersey:1.1.0",,"Apache License 2.0","http://www.apache.org/licenses/LICENSE-2.0.html",
"io.dropwizard:dropwizard-jetty:1.1.0",,"Apache License 2.0","http://www.apache.org/licenses/LICENSE-2.0.html",
"io.dropwizard:dropwizard-lifecycle:1.1.0",,"Apache License 2.0","http://www.apache.org/licenses/LICENSE-2.0.html",
"io.dropwizard:dropwizard-logging:1.1.0",,"Apache License 2.0","http://www.apache.org/licenses/LICENSE-2.0.html",
"io.dropwizard:dropwizard-metrics:1.1.0",,"Apache License 2.0","http://www.apache.org/licenses/LICENSE-2.0.html",
"io.dropwizard:dropwizard-request-logging:1.1.0",,"Apache License 2.0","http://www.apache.org/licenses/LICENSE-2.0.html",
"io.dropwizard:dropwizard-servlets:1.1.0",,"Apache License 2.0","http://www.apache.org/licenses/LICENSE-2.0.html",
"io.dropwizard:dropwizard-testing:1.1.0",,"Apache License 2.0","http://www.apache.org/licenses/LICENSE-2.0.html",
"io.dropwizard:dropwizard-util:1.1.0",,"Apache License 2.0","http://www.apache.org/licenses/LICENSE-2.0.html",
"io.dropwizard:dropwizard-validation:1.1.0",,"Apache License 2.0","http://www.apache.org/licenses/LICENSE-2.0.html",
"io.dropwizard:dropwizard-views:1.1.0",,"Apache License 2.0","http://www.apache.org/licenses/LICENSE-2.0.html",
"io.dropwizard:dropwizard-views-mustache:1.1.0",,"Apache License 2.0","http://www.apache.org/licenses/LICENSE-2.0.html",
"io.dropwizard.metrics:metrics-annotation:3.2.2",,"Apache License 2.0","http://www.apache.org/licenses/LICENSE-2.0.html",
"io.dropwizard.metrics:metrics-core:3.2.2",,"Apache License 2.0","http://www.apache.org/licenses/LICENSE-2.0.html",
"io.dropwizard.metrics:metrics-healthchecks:3.2.2",,"Apache License 2.0","http://www.apache.org/licenses/LICENSE-2.0.html",
"io.dropwizard.metrics:metrics-jersey2:3.2.2",,"Apache License 2.0","http://www.apache.org/licenses/LICENSE-2.0.html",
"io.dropwizard.metrics:metrics-jetty9:3.2.2",,"Apache License 2.0","http://www.apache.org/licenses/LICENSE-2.0.html",
"io.dropwizard.metrics:metrics-json:3.2.2",,"Apache License 2.0","http://www.apache.org/licenses/LICENSE-2.0.html",
"io.dropwizard.metrics:metrics-jvm:3.2.2",,"Apache License 2.0","http://www.apache.org/licenses/LICENSE-2.0.html",
"io.dropwizard.metrics:metrics-logback:3.2.2",,"Apache License 2.0","http://www.apache.org/licenses/LICENSE-2.0.html",
"io.dropwizard.metrics:metrics-servlets:3.2.2",,"Apache License 2.0","http://www.apache.org/licenses/LICENSE-2.0.html",
"io.dropwizard.modules:dropwizard-flyway:1.0.0-1","https://github.com/dropwizard/dropwizard-flyway","Apache 2.0","http://www.apache.org/licenses/LICENSE-2.0.txt",
"io.netty:netty:3.10.6.Final","http://netty.io/","Apache License, Version 2.0","http://www.apache.org/licenses/LICENSE-2.0",
"io.netty:netty-buffer:4.1.11.Final","http://netty.io/","Apache License, Version 2.0","http://www.apache.org/licenses/LICENSE-2.0",
"io.netty:netty-buffer:4.1.17.Final","http://netty.io/","Apache License, Version 2.0","http://www.apache.org/licenses/LICENSE-2.0",
"io.netty:netty-codec:4.1.11.Final","http://netty.io/","Apache License, Version 2.0","http://www.apache.org/licenses/LICENSE-2.0",
"io.netty:netty-codec:4.1.17.Final","http://netty.io/","Apache License, Version 2.0","http://www.apache.org/licenses/LICENSE-2.0",
"io.netty:netty-codec-http:4.1.11.Final","http://netty.io/","Apache License, Version 2.0","http://www.apache.org/licenses/LICENSE-2.0",
"io.netty:netty-codec-http:4.1.17.Final","http://netty.io/","Apache License, Version 2.0","http://www.apache.org/licenses/LICENSE-2.0",
"io.netty:netty-common:4.1.11.Final","http://netty.io/","Apache License, Version 2.0","http://www.apache.org/licenses/LICENSE-2.0",
"io.netty:netty-common:4.1.17.Final","http://netty.io/","Apache License, Version 2.0","http://www.apache.org/licenses/LICENSE-2.0",
"io.netty:netty-handler:4.1.11.Final","http://netty.io/","Apache License, Version 2.0","http://www.apache.org/licenses/LICENSE-2.0",
"io.netty:netty-handler:4.1.17.Final","http://netty.io/","Apache License, Version 2.0","http://www.apache.org/licenses/LICENSE-2.0",
"io.netty:netty-resolver:4.1.11.Final","http://netty.io/","Apache License, Version 2.0","http://www.apache.org/licenses/LICENSE-2.0",
"io.netty:netty-resolver:4.1.17.Final","http://netty.io/","Apache License, Version 2.0","http://www.apache.org/licenses/LICENSE-2.0",
"io.netty:netty-transport:4.1.11.Final","http://netty.io/","Apache License, Version 2.0","http://www.apache.org/licenses/LICENSE-2.0",
"io.netty:netty-transport:4.1.17.Final","http://netty.io/","Apache License, Version 2.0","http://www.apache.org/licenses/LICENSE-2.0",
"io.springfox:springfox-core:2.9.0","https://github.com/springfox/springfox","The Apache Software License, Version 2.0","http://www.apache.org/licenses/LICENSE-2.0.txt",
"io.springfox:springfox-schema:2.9.0","https://github.com/springfox/springfox","The Apache Software License, Version 2.0","http://www.apache.org/licenses/LICENSE-2.0.txt",
"io.springfox:springfox-spi:2.9.0","https://github.com/springfox/springfox","The Apache Software License, Version 2.0","http://www.apache.org/licenses/LICENSE-2.0.txt",
"io.springfox:springfox-spring-web:2.9.0","https://github.com/springfox/springfox","The Apache Software License, Version 2.0","http://www.apache.org/licenses/LICENSE-2.0.txt",
"io.springfox:springfox-swagger-common:2.9.0","https://github.com/springfox/springfox","The Apache Software License, Version 2.0","http://www.apache.org/licenses/LICENSE-2.0.txt",
"io.springfox:springfox-swagger-ui:2.9.0","https://github.com/springfox/springfox","The Apache Software License, Version 2.0","http://www.apache.org/licenses/LICENSE-2.0.txt",
"io.springfox:springfox-swagger2:2.9.0","https://github.com/springfox/springfox","The Apache Software License, Version 2.0","http://www.apache.org/licenses/LICENSE-2.0.txt",
"io.swagger:swagger-annotations:1.5.18",,"Apache License 2.0","http://www.apache.org/licenses/LICENSE-2.0.html",
"io.swagger:swagger-annotations:1.5.9",,"Apache License 2.0","http://www.apache.org/licenses/LICENSE-2.0.html",
"io.swagger:swagger-core:1.5.9",,"Apache License 2.0","http://www.apache.org/licenses/LICENSE-2.0.html",
"io.swagger:swagger-jaxrs:1.5.9",,"Apache License 2.0","http://www.apache.org/licenses/LICENSE-2.0.html",
"io.swagger:swagger-jersey2-jaxrs:1.5.9",,"Apache License 2.0","http://www.apache.org/licenses/LICENSE-2.0.html",
"io.swagger:swagger-models:1.5.18",,"Apache License 2.0","http://www.apache.org/licenses/LICENSE-2.0.html",
"io.swagger:swagger-models:1.5.9",,"Apache License 2.0","http://www.apache.org/licenses/LICENSE-2.0.html",
"javax.activation:activation:1.1","http://java.sun.com/products/javabeans/jaf/index.jsp","Common Development and Distribution License (CDDL) v1.0","https://glassfish.dev.java.net/public/CDDLv1.0.html",
"javax.annotation:javax.annotation-api:1.2","https://glassfish.java.net","COMMON DEVELOPMENT AND DISTRIBUTION LICENSE (CDDL) Version 1.0","https://opensource.org/licenses/CDDL-1.0",
"javax.el:javax.el-api:2.2.4","http://uel.java.net","CDDL + GPLv2 with classpath exception","http://glassfish.dev.java.net/nonav/public/CDDL+GPL.html",
"javax.inject:javax.inject:1","http://code.google.com/p/atinject/","The Apache Software License, Version 2.0","http://www.apache.org/licenses/LICENSE-2.0.txt",
"javax.interceptor:javax.interceptor-api:1.2","https://glassfish.java.net","COMMON DEVELOPMENT AND DISTRIBUTION LICENSE (CDDL) Version 1.0","https://opensource.org/licenses/CDDL-1.0",
"javax.servlet:javax.servlet-api:3.1.0","https://glassfish.dev.java.net","COMMON DEVELOPMENT AND DISTRIBUTION LICENSE (CDDL) Version 1.0","https://opensource.org/licenses/CDDL-1.0",
"javax.transaction:javax.transaction-api:1.2","https://glassfish.java.net","COMMON DEVELOPMENT AND DISTRIBUTION LICENSE (CDDL) Version 1.0","https://opensource.org/licenses/CDDL-1.0",
"javax.transaction:jta:1.1","http://java.sun.com/products/jta","COMMON DEVELOPMENT AND DISTRIBUTION LICENSE (CDDL) Version 1.0","https://opensource.org/licenses/CDDL-1.0",
"javax.validation:validation-api:1.1.0.Final","http://beanvalidation.org","The Apache Software License, Version 2.0","http://www.apache.org/licenses/LICENSE-2.0.txt",
"javax.ws.rs:javax.ws.rs-api:2.0.1","http://www.oracle.com/","http://glassfish.java.net/public/CDDL+GPL_1_1.html, http://glassfish.java.net/public/CDDL+GPL_1_1.html",,
"javax.ws.rs:javax.ws.rs-api:2.1","http://www.oracle.com/","https://oss.oracle.com/licenses/CDDL+GPL-1.1, https://oss.oracle.com/licenses/CDDL+GPL-1.1",,
"javax.xml.bind:jaxb-api:2.1",,,,
"javax.xml.stream:stax-api:1.0-2",,"GNU General Public Library","http://www.gnu.org/licenses/gpl.txt",
"joda-time:joda-time:2.9.7","http://www.joda.org/joda-time/","Apache License, Version 2.0","https://www.apache.org/licenses/LICENSE-2.0",
"junit:junit:4.12","http://junit.org","Eclipse Public License 1.0","http://www.eclipse.org/legal/epl-v10.html",
"log4j:log4j:1.2.17","http://logging.apache.org/log4j/1.2/","The Apache Software License, Version 2.0","http://www.apache.org/licenses/LICENSE-2.0.txt",
"net.bytebuddy:byte-buddy:1.8.8",,"The Apache Software License, Version 2.0","http://www.apache.org/licenses/LICENSE-2.0.txt",
"net.jcip:jcip-annotations:1.0","http://jcip.net/",,,
"net.minidev:accessors-smart:1.2","http://www.minidev.net/","The Apache Software License, Version 2.0","http://www.apache.org/licenses/LICENSE-2.0.txt",
"net.minidev:json-smart:2.3","http://www.minidev.net/","The Apache Software License, Version 2.0","http://www.apache.org/licenses/LICENSE-2.0.txt",
"net.sf.ehcache:ehcache:2.10.3","http://www.terracotta.org","The Apache Software License, Version 2.0","src/assemble/EHCACHE-CORE-LICENSE.txt",
"net.sf.jopt-simple:jopt-simple:5.0.2","http://pholser.github.io/jopt-simple","The MIT License","http://www.opensource.org/licenses/mit-license.php",
"net.sf.supercsv:super-csv:2.4.0","https://github.com/super-csv/super-csv","Apache License, Version 2.0","http://www.apache.org/licenses/LICENSE-2.0.html",
"net.sourceforge.argparse4j:argparse4j:0.7.0","http://argparse4j.github.io","MIT","https://raw.github.com/tatsuhiro-t/argparse4j/master/LICENSE.txt",
"nz.net.ultraq.thymeleaf:thymeleaf-layout-dialect:1.4.0","http://www.ultraq.net.nz/programming/thymeleaf-layout-dialect/","The Apache Software License, Version 2.0","http://www.apache.org/licenses/LICENSE-2.0.txt",
"ognl:ognl:3.0.8","http://ognl.org","The Apache Software License, Version 2.0","http://www.apache.org/licenses/LICENSE-2.0.txt",
"org.antlr:antlr-runtime:3.5","http://www.antlr.org","BSD licence","http://antlr.org/license.html",
"org.apache.chemistry.opencmis:chemistry-opencmis-client-api:1.1.0","https://chemistry.apache.org/java/chemistry-opencmis-client/chemistry-opencmis-client-api/","Apache License, Version 2.0","https://www.apache.org/licenses/LICENSE-2.0.txt",
"org.apache.chemistry.opencmis:chemistry-opencmis-client-bindings:1.1.0","https://chemistry.apache.org/java/chemistry-opencmis-client/chemistry-opencmis-client-bindings/","Apache License, Version 2.0","https://www.apache.org/licenses/LICENSE-2.0.txt",
"org.apache.chemistry.opencmis:chemistry-opencmis-client-impl:1.1.0","https://chemistry.apache.org/java/chemistry-opencmis-client/chemistry-opencmis-client-impl/","Apache License, Version 2.0","https://www.apache.org/licenses/LICENSE-2.0.txt",
"org.apache.chemistry.opencmis:chemistry-opencmis-commons-api:1.1.0","https://chemistry.apache.org/java/chemistry-opencmis-commons/chemistry-opencmis-commons-api/","Apache License, Version 2.0","https://www.apache.org/licenses/LICENSE-2.0.txt",
"org.apache.chemistry.opencmis:chemistry-opencmis-commons-impl:1.1.0","https://chemistry.apache.org/java/chemistry-opencmis-commons/chemistry-opencmis-commons-impl/","Apache License, Version 2.0","https://www.apache.org/licenses/LICENSE-2.0.txt",
"org.apache.commons:commons-collections4:4.1","http://commons.apache.org/proper/commons-collections/","Apache License, Version 2.0","http://www.apache.org/licenses/LICENSE-2.0.txt",
"org.apache.commons:commons-collections4:4.2","http://commons.apache.org/proper/commons-collections/","Apache License, Version 2.0","https://www.apache.org/licenses/LICENSE-2.0.txt",
"org.apache.commons:commons-compress:1.14","http://commons.apache.org/proper/commons-compress/","Apache License, Version 2.0","https://www.apache.org/licenses/LICENSE-2.0.txt",
"org.apache.commons:commons-compress:1.9","http://commons.apache.org/proper/commons-compress/","The Apache Software License, Version 2.0","http://www.apache.org/licenses/LICENSE-2.0.txt",
"org.apache.commons:commons-io:1.3.2",,,,
"org.apache.commons:commons-lang3:3.6","http://commons.apache.org/proper/commons-lang/","Apache License, Version 2.0","https://www.apache.org/licenses/LICENSE-2.0.txt",
"org.apache.commons:commons-lang3:3.8.1","http://commons.apache.org/proper/commons-lang/","Apache License, Version 2.0","https://www.apache.org/licenses/LICENSE-2.0.txt",
"org.apache.commons:commons-pool2:2.4.3","http://commons.apache.org/proper/commons-pool/","Apache License, Version 2.0","https://www.apache.org/licenses/LICENSE-2.0.txt",
"org.apache.commons:commons-text:1.1","http://commons.apache.org/proper/commons-text/","Apache License, Version 2.0","https://www.apache.org/licenses/LICENSE-2.0.txt",
"org.apache.commons:commons-text:1.5","http://commons.apache.org/proper/commons-text","Apache License, Version 2.0","https://www.apache.org/licenses/LICENSE-2.0.txt",
"org.apache.cxf:cxf-core:3.0.12","http://cxf.apache.org","The Apache Software License, Version 2.0","http://www.apache.org/licenses/LICENSE-2.0.txt",
"org.apache.cxf:cxf-rt-bindings-soap:3.0.12","http://cxf.apache.org","The Apache Software License, Version 2.0","http://www.apache.org/licenses/LICENSE-2.0.txt",
"org.apache.cxf:cxf-rt-bindings-xml:3.0.12","http://cxf.apache.org","The Apache Software License, Version 2.0","http://www.apache.org/licenses/LICENSE-2.0.txt",
"org.apache.cxf:cxf-rt-databinding-jaxb:3.0.12","http://cxf.apache.org","The Apache Software License, Version 2.0","http://www.apache.org/licenses/LICENSE-2.0.txt",
"org.apache.cxf:cxf-rt-frontend-jaxws:3.0.12","http://cxf.apache.org","The Apache Software License, Version 2.0","http://www.apache.org/licenses/LICENSE-2.0.txt",
"org.apache.cxf:cxf-rt-frontend-simple:3.0.12","http://cxf.apache.org","The Apache Software License, Version 2.0","http://www.apache.org/licenses/LICENSE-2.0.txt",
"org.apache.cxf:cxf-rt-transports-http:3.0.12","http://cxf.apache.org","The Apache Software License, Version 2.0","http://www.apache.org/licenses/LICENSE-2.0.txt",
"org.apache.cxf:cxf-rt-ws-addr:3.0.12","http://cxf.apache.org","The Apache Software License, Version 2.0","http://www.apache.org/licenses/LICENSE-2.0.txt",
"org.apache.cxf:cxf-rt-ws-policy:3.0.12","http://cxf.apache.org","The Apache Software License, Version 2.0","http://www.apache.org/licenses/LICENSE-2.0.txt",
"org.apache.cxf:cxf-rt-wsdl:3.0.12","http://cxf.apache.org","The Apache Software License, Version 2.0","http://www.apache.org/licenses/LICENSE-2.0.txt",
"org.apache.geronimo.specs:geronimo-jta_1.1_spec:1.1.1","http://www.apache.org","The Apache Software License, Version 2.0","http://www.apache.org/licenses/LICENSE-2.0.txt",
"org.apache.httpcomponents:httpasyncclient:4.1.2","http://hc.apache.org/httpcomponents-asyncclient","The Apache Software License, Version 2.0","http://www.apache.org/licenses/LICENSE-2.0.txt",
"org.apache.httpcomponents:httpclient:4.5.5","http://hc.apache.org/httpcomponents-client","Apache License, Version 2.0","http://www.apache.org/licenses/LICENSE-2.0.txt",
"org.apache.httpcomponents:httpcore:4.4.9","http://hc.apache.org/httpcomponents-core-ga","Apache License, Version 2.0","http://www.apache.org/licenses/LICENSE-2.0.txt",
"org.apache.httpcomponents:httpcore-nio:4.4.5","http://hc.apache.org/httpcomponents-core-ga","The Apache Software License, Version 2.0","http://www.apache.org/licenses/LICENSE-2.0.txt",
"org.apache.logging.log4j:log4j-api:2.8.2","https://www.apache.org/","Apache License, Version 2.0","https://www.apache.org/licenses/LICENSE-2.0.txt",
"org.apache.logging.log4j:log4j-core:2.8.2","https://www.apache.org/","Apache License, Version 2.0","https://www.apache.org/licenses/LICENSE-2.0.txt",
"org.apache.logging.log4j:log4j-to-slf4j:2.8.2","https://www.apache.org/","Apache License, Version 2.0","https://www.apache.org/licenses/LICENSE-2.0.txt",
"org.apache.lucene:lucene-analyzers-common:6.6.0",,"The Apache Software License, Version 2.0","http://www.apache.org/licenses/LICENSE-2.0.txt",
"org.apache.lucene:lucene-backward-codecs:6.6.0",,"The Apache Software License, Version 2.0","http://www.apache.org/licenses/LICENSE-2.0.txt",
"org.apache.lucene:lucene-core:6.6.0",,"The Apache Software License, Version 2.0","http://www.apache.org/licenses/LICENSE-2.0.txt",
"org.apache.lucene:lucene-grouping:6.6.0",,"The Apache Software License, Version 2.0","http://www.apache.org/licenses/LICENSE-2.0.txt",
"org.apache.lucene:lucene-highlighter:6.6.0",,"The Apache Software License, Version 2.0","http://www.apache.org/licenses/LICENSE-2.0.txt",
"org.apache.lucene:lucene-join:6.6.0",,"The Apache Software License, Version 2.0","http://www.apache.org/licenses/LICENSE-2.0.txt",
"org.apache.lucene:lucene-memory:6.6.0",,"The Apache Software License, Version 2.0","http://www.apache.org/licenses/LICENSE-2.0.txt",
"org.apache.lucene:lucene-misc:6.6.0",,"The Apache Software License, Version 2.0","http://www.apache.org/licenses/LICENSE-2.0.txt",
"org.apache.lucene:lucene-queries:6.6.0",,"The Apache Software License, Version 2.0","http://www.apache.org/licenses/LICENSE-2.0.txt",
"org.apache.lucene:lucene-queryparser:6.6.0",,"The Apache Software License, Version 2.0","http://www.apache.org/licenses/LICENSE-2.0.txt",
"org.apache.lucene:lucene-sandbox:6.6.0",,"The Apache Software License, Version 2.0","http://www.apache.org/licenses/LICENSE-2.0.txt",
"org.apache.lucene:lucene-spatial:6.6.0",,"The Apache Software License, Version 2.0","http://www.apache.org/licenses/LICENSE-2.0.txt",
"org.apache.lucene:lucene-spatial-extras:6.6.0",,"The Apache Software License, Version 2.0","http://www.apache.org/licenses/LICENSE-2.0.txt",
"org.apache.lucene:lucene-spatial3d:6.6.0",,"The Apache Software License, Version 2.0","http://www.apache.org/licenses/LICENSE-2.0.txt",
"org.apache.lucene:lucene-suggest:6.6.0",,"The Apache Software License, Version 2.0","http://www.apache.org/licenses/LICENSE-2.0.txt",
"org.apache.neethi:neethi:3.0.3","http://www.apache.org/","The Apache Software License, Version 2.0","http://www.apache.org/licenses/LICENSE-2.0.txt",
"org.apache.pdfbox:fontbox:2.0.7","http://pdfbox.apache.org/","Apache License, Version 2.0","http://www.apache.org/licenses/LICENSE-2.0.txt",
"org.apache.pdfbox:pdfbox:2.0.7","http://pdfbox.apache.org","Apache License, Version 2.0","http://www.apache.org/licenses/LICENSE-2.0.txt",
"org.apache.poi:poi:3.17","http://poi.apache.org/","The Apache Software License, Version 2.0","http://www.apache.org/licenses/LICENSE-2.0.txt",
"org.apache.poi:poi-ooxml:3.17","http://poi.apache.org/","The Apache Software License, Version 2.0","http://www.apache.org/licenses/LICENSE-2.0.txt",
"org.apache.poi:poi-ooxml-schemas:3.17","http://poi.apache.org/","The Apache Software License, Version 2.0","http://www.apache.org/licenses/LICENSE-2.0.txt",
"org.apache.poi:poi-scratchpad:3.17","http://poi.apache.org/","The Apache Software License, Version 2.0","http://www.apache.org/licenses/LICENSE-2.0.txt",
"org.apache.shiro:shiro-core:1.2.3","http://www.apache.org/","The Apache Software License, Version 2.0","http://www.apache.org/licenses/LICENSE-2.0.txt",
"org.apache.shiro:shiro-guice:1.2.0","http://www.apache.org/","The Apache Software License, Version 2.0","http://www.apache.org/licenses/LICENSE-2.0.txt",
"org.apache.shiro:shiro-web:1.2.3","http://www.apache.org/","The Apache Software License, Version 2.0","http://www.apache.org/licenses/LICENSE-2.0.txt",
"org.apache.tomcat:tomcat-annotations-api:8.5.37","https://tomcat.apache.org/","Apache License, Version 2.0","http://www.apache.org/licenses/LICENSE-2.0.txt",
"org.apache.tomcat:tomcat-jdbc:8.5.9","http://tomcat.apache.org/","Apache License, Version 2.0","http://www.apache.org/licenses/LICENSE-2.0.txt",
"org.apache.tomcat:tomcat-juli:8.5.9","http://tomcat.apache.org/","Apache License, Version 2.0","http://www.apache.org/licenses/LICENSE-2.0.txt",
"org.apache.tomcat.embed:tomcat-embed-core:8.5.37","https://tomcat.apache.org/","COMMON DEVELOPMENT AND DISTRIBUTION LICENSE (CDDL) Version 1.0","https://opensource.org/licenses/CDDL-1.0",
"org.apache.tomcat.embed:tomcat-embed-el:8.5.37","https://tomcat.apache.org/","Apache License, Version 2.0","http://www.apache.org/licenses/LICENSE-2.0.txt",
"org.apache.tomcat.embed:tomcat-embed-websocket:8.5.37","https://tomcat.apache.org/","Apache License, Version 2.0","http://www.apache.org/licenses/LICENSE-2.0.txt",
"org.apache.ws.xmlschema:xmlschema-core:2.2.1","http://ws.apache.org/xmlschema/","The Apache Software License, Version 2.0","http://www.apache.org/licenses/LICENSE-2.0.txt",
"org.apache.xmlbeans:xmlbeans:2.6.0","http://xmlbeans.apache.org","The Apache Software License, Version 2.0","http://www.apache.org/licenses/LICENSE-2.0.txt",
"org.aspectj:aspectjweaver:1.8.13","http://www.aspectj.org","Eclipse Public License - v 1.0","http://www.eclipse.org/legal/epl-v10.html",
"org.assertj:assertj-core:3.6.2","joel-costigliola.github.io/assertj/index.html","Apache License, Version 2.0","http://www.apache.org/licenses/LICENSE-2.0.txt",
"org.bouncycastle:bcpkix-jdk15on:1.55","http://www.bouncycastle.org/java.html","Bouncy Castle Licence","http://www.bouncycastle.org/licence.html",
"org.bouncycastle:bcprov-jdk15on:1.55","http://www.bouncycastle.org/java.html","Bouncy Castle Licence","http://www.bouncycastle.org/licence.html",
"org.codehaus.groovy:groovy:2.4.3","http://groovy.codehaus.org/","The Apache Software License, Version 2.0","http://www.apache.org/licenses/LICENSE-2.0.txt",
"org.codehaus.groovy:groovy-all:2.4.10","http://groovy-lang.org","The Apache Software License, Version 2.0","http://www.apache.org/licenses/LICENSE-2.0.txt",
"org.codehaus.groovy:groovy-all:2.4.11","http://groovy-lang.org","The Apache Software License, Version 2.0","http://www.apache.org/licenses/LICENSE-2.0.txt",
"org.codehaus.jackson:jackson-core-asl:1.9.13","http://jackson.codehaus.org","The Apache Software License, Version 2.0","http://www.apache.org/licenses/LICENSE-2.0.txt",
"org.codehaus.jackson:jackson-mapper-asl:1.9.13","http://jackson.codehaus.org","The Apache Software License, Version 2.0","http://www.apache.org/licenses/LICENSE-2.0.txt",
"org.codehaus.mojo:animal-sniffer-annotations:1.14",,"MIT license","http://www.opensource.org/licenses/mit-license.php",
"org.codehaus.woodstox:stax2-api:3.1.4","http://wiki.fasterxml.com/WoodstoxStax2","The BSD License","http://www.opensource.org/licenses/bsd-license.php",
"org.codehaus.woodstox:woodstox-core-asl:4.4.1","http://woodstox.codehaus.org","The Apache Software License, Version 2.0","http://www.apache.org/licenses/LICENSE-2.0.txt",
"org.drools:drools-compiler:7.1.0.Final","http://www.jboss.org/","The Apache Software License, Version 2.0","http://www.apache.org/licenses/LICENSE-2.0.txt",
"org.drools:drools-core:7.1.0.Final","http://www.jboss.org/","The Apache Software License, Version 2.0","http://www.apache.org/licenses/LICENSE-2.0.txt",
"org.eclipse.jdt.core.compiler:ecj:4.4.2","http://www.eclipse.org/jdt/","Eclipse Public License v1.0","http://www.eclipse.org/org/documents/epl-v10.php",
"org.eclipse.jetty:jetty-continuation:9.4.2.v20170220","http://www.eclipse.org/jetty","http://www.apache.org/licenses/LICENSE-2.0, http://www.eclipse.org/org/documents/epl-v10.php",,
"org.eclipse.jetty:jetty-http:9.4.2.v20170220","http://www.eclipse.org/jetty","http://www.apache.org/licenses/LICENSE-2.0, http://www.eclipse.org/org/documents/epl-v10.php",,
"org.eclipse.jetty:jetty-io:9.4.2.v20170220","http://www.eclipse.org/jetty","http://www.apache.org/licenses/LICENSE-2.0, http://www.eclipse.org/org/documents/epl-v10.php",,
"org.eclipse.jetty:jetty-security:9.4.2.v20170220","http://www.eclipse.org/jetty","http://www.apache.org/licenses/LICENSE-2.0, http://www.eclipse.org/org/documents/epl-v10.php",,
"org.eclipse.jetty:jetty-server:9.4.2.v20170220","http://www.eclipse.org/jetty","http://www.apache.org/licenses/LICENSE-2.0, http://www.eclipse.org/org/documents/epl-v10.php",,
"org.eclipse.jetty:jetty-servlet:9.4.2.v20170220","http://www.eclipse.org/jetty","http://www.apache.org/licenses/LICENSE-2.0, http://www.eclipse.org/org/documents/epl-v10.php",,
"org.eclipse.jetty:jetty-servlets:9.4.2.v20170220","http://www.eclipse.org/jetty","http://www.apache.org/licenses/LICENSE-2.0, http://www.eclipse.org/org/documents/epl-v10.php",,
"org.eclipse.jetty:jetty-util:9.4.2.v20170220","http://www.eclipse.org/jetty","http://www.apache.org/licenses/LICENSE-2.0, http://www.eclipse.org/org/documents/epl-v10.php",,
"org.eclipse.jetty:jetty-webapp:9.4.2.v20170220","http://www.eclipse.org/jetty","http://www.apache.org/licenses/LICENSE-2.0, http://www.eclipse.org/org/documents/epl-v10.php",,
"org.eclipse.jetty:jetty-xml:9.4.2.v20170220","http://www.eclipse.org/jetty","http://www.apache.org/licenses/LICENSE-2.0, http://www.eclipse.org/org/documents/epl-v10.php",,
"org.eclipse.jetty.toolchain.setuid:jetty-setuid-java:1.0.3",,"Eclipse Public License - Version 1.0","http://www.eclipse.org/org/documents/epl-v10.php",
"org.elasticsearch:elasticsearch:5.5.2","https://github.com/elastic/elasticsearch","The Apache Software License, Version 2.0","http://www.apache.org/licenses/LICENSE-2.0.txt",
"org.elasticsearch:jna:4.4.0","https://github.com/java-native-access/jna","The Apache Software License, Version 2.0","http://www.apache.org/licenses/LICENSE-2.0.txt",
"org.elasticsearch:securesm:1.1",,"The Apache Software License, Version 2.0","http://www.apache.org/licenses/LICENSE-2.0.txt",
"org.elasticsearch.client:rest:5.5.2","https://github.com/elastic/elasticsearch","The Apache Software License, Version 2.0","http://www.apache.org/licenses/LICENSE-2.0.txt",
"org.elasticsearch.client:sniffer:5.5.2","https://github.com/elastic/elasticsearch","The Apache Software License, Version 2.0","http://www.apache.org/licenses/LICENSE-2.0.txt",
"org.elasticsearch.client:transport:5.5.2","https://github.com/elastic/elasticsearch","The Apache Software License, Version 2.0","http://www.apache.org/licenses/LICENSE-2.0.txt",
"org.elasticsearch.client:x-pack-transport:5.5.2","https://github.com/elastic/x-pack-elasticsearch","Elastic Commercial Software End User License Agreement","https://www.elastic.co/eula/",
"org.elasticsearch.plugin:lang-mustache-client:5.5.2","https://github.com/elastic/elasticsearch","The Apache Software License, Version 2.0","http://www.apache.org/licenses/LICENSE-2.0.txt",
"org.elasticsearch.plugin:parent-join-client:5.5.2","https://github.com/elastic/elasticsearch","The Apache Software License, Version 2.0","http://www.apache.org/licenses/LICENSE-2.0.txt",
"org.elasticsearch.plugin:percolator-client:5.5.2","https://github.com/elastic/elasticsearch","The Apache Software License, Version 2.0","http://www.apache.org/licenses/LICENSE-2.0.txt",
"org.elasticsearch.plugin:reindex-client:5.5.2","https://github.com/elastic/elasticsearch","The Apache Software License, Version 2.0","http://www.apache.org/licenses/LICENSE-2.0.txt",
"org.elasticsearch.plugin:transport-netty3-client:5.5.2","https://github.com/elastic/elasticsearch","The Apache Software License, Version 2.0","http://www.apache.org/licenses/LICENSE-2.0.txt",
"org.elasticsearch.plugin:transport-netty4-client:5.5.2","https://github.com/elastic/elasticsearch","The Apache Software License, Version 2.0","http://www.apache.org/licenses/LICENSE-2.0.txt",
"org.elasticsearch.plugin:x-pack-api:5.5.2",,"Elastic Commercial Software End User License Agreement","https://www.elastic.co/eula/",
"org.flywaydb:flyway-core:4.0.3",,"Apache License, Version 2.0","https://github.com/flyway/flyway/blob/master/LICENSE.txt",
"org.glassfish:javax.el:3.0.0","http://glassfish.org","COMMON DEVELOPMENT AND DISTRIBUTION LICENSE (CDDL) Version 1.0","https://opensource.org/licenses/CDDL-1.0",
"org.glassfish.hk2:hk2-api:2.5.0-b32","http://www.oracle.com","CDDL + GPLv2 with classpath exception","https://glassfish.java.net/nonav/public/CDDL+GPL_1_1.html",
"org.glassfish.hk2:hk2-api:2.5.0-b42","http://www.oracle.com","CDDL + GPLv2 with classpath exception","https://glassfish.java.net/nonav/public/CDDL+GPL_1_1.html",
"org.glassfish.hk2:hk2-locator:2.5.0-b32","http://www.oracle.com","CDDL + GPLv2 with classpath exception","https://glassfish.java.net/nonav/public/CDDL+GPL_1_1.html",
"org.glassfish.hk2:hk2-locator:2.5.0-b42","http://www.oracle.com","CDDL + GPLv2 with classpath exception","https://glassfish.java.net/nonav/public/CDDL+GPL_1_1.html",
"org.glassfish.hk2:hk2-utils:2.5.0-b32","http://www.oracle.com","CDDL + GPLv2 with classpath exception","https://glassfish.java.net/nonav/public/CDDL+GPL_1_1.html",
"org.glassfish.hk2:hk2-utils:2.5.0-b42","http://www.oracle.com","CDDL + GPLv2 with classpath exception","https://glassfish.java.net/nonav/public/CDDL+GPL_1_1.html",
"org.glassfish.hk2:osgi-resource-locator:1.0.1","https://glassfish.dev.java.net","CDDL + GPLv2 with classpath exception","https://glassfish.dev.java.net/nonav/public/CDDL+GPL.html",
"org.glassfish.hk2.external:aopalliance-repackaged:2.5.0-b32","http://www.oracle.com","CDDL + GPLv2 with classpath exception","https://glassfish.java.net/nonav/public/CDDL+GPL_1_1.html",
"org.glassfish.hk2.external:aopalliance-repackaged:2.5.0-b42","http://www.oracle.com","CDDL + GPLv2 with classpath exception","https://glassfish.java.net/nonav/public/CDDL+GPL_1_1.html",
"org.glassfish.hk2.external:javax.inject:2.5.0-b32","http://www.oracle.com","CDDL + GPLv2 with classpath exception","https://glassfish.java.net/nonav/public/CDDL+GPL_1_1.html",
"org.glassfish.hk2.external:javax.inject:2.5.0-b42","http://www.oracle.com","CDDL + GPLv2 with classpath exception","https://glassfish.java.net/nonav/public/CDDL+GPL_1_1.html",
"org.glassfish.jersey.bundles.repackaged:jersey-guava:2.25.1","http://www.oracle.com/","CDDL+GPL License","http://glassfish.java.net/public/CDDL+GPL_1_1.html",
"org.glassfish.jersey.containers:jersey-container-servlet:2.25.1","http://www.oracle.com/","CDDL+GPL License","http://glassfish.java.net/public/CDDL+GPL_1_1.html",
"org.glassfish.jersey.containers:jersey-container-servlet-core:2.25.1","http://www.oracle.com/","CDDL+GPL License","http://glassfish.java.net/public/CDDL+GPL_1_1.html",
"org.glassfish.jersey.core:jersey-client:2.25.1","http://www.oracle.com/","CDDL+GPL License","http://glassfish.java.net/public/CDDL+GPL_1_1.html",
"org.glassfish.jersey.core:jersey-client:2.26","http://www.oracle.com/","https://oss.oracle.com/licenses/CDDL+GPL-1.1, https://oss.oracle.com/licenses/CDDL+GPL-1.1",,
"org.glassfish.jersey.core:jersey-common:2.25.1","http://www.oracle.com/","CDDL+GPL License","http://glassfish.java.net/public/CDDL+GPL_1_1.html",
"org.glassfish.jersey.core:jersey-common:2.26","http://www.oracle.com/","https://oss.oracle.com/licenses/CDDL+GPL-1.1, https://oss.oracle.com/licenses/CDDL+GPL-1.1",,
"org.glassfish.jersey.core:jersey-server:2.25.1","http://www.oracle.com/","CDDL+GPL License","http://glassfish.java.net/public/CDDL+GPL_1_1.html",
"org.glassfish.jersey.ext:jersey-bean-validation:2.25.1","http://www.oracle.com/","CDDL+GPL License","http://glassfish.java.net/public/CDDL+GPL_1_1.html",
"org.glassfish.jersey.ext:jersey-declarative-linking:2.23.2",,"CDDL+GPL License","http://glassfish.java.net/public/CDDL+GPL_1_1.html",
"org.glassfish.jersey.ext:jersey-metainf-services:2.25.1","http://www.oracle.com/","CDDL+GPL License","http://glassfish.java.net/public/CDDL+GPL_1_1.html",
"org.glassfish.jersey.inject:jersey-hk2:2.26","http://www.oracle.com/","https://oss.oracle.com/licenses/CDDL+GPL-1.1, https://oss.oracle.com/licenses/CDDL+GPL-1.1",,
"org.glassfish.jersey.media:jersey-media-jaxb:2.25.1","http://www.oracle.com/","CDDL+GPL License","http://glassfish.java.net/public/CDDL+GPL_1_1.html",
"org.glassfish.jersey.media:jersey-media-multipart:2.1","http://www.oracle.com/","CDDL+GPL License","http://glassfish.java.net/public/CDDL+GPL_1_1.html",
"org.glassfish.jersey.test-framework:jersey-test-framework-core:2.25.1",,"CDDL+GPL License","http://glassfish.java.net/public/CDDL+GPL_1_1.html",
"org.glassfish.jersey.test-framework.providers:jersey-test-framework-provider-inmemory:2.25.1",,"CDDL+GPL License","http://glassfish.java.net/public/CDDL+GPL_1_1.html",
"org.glassfish.web:javax.el:2.2.4","http://uel.java.net","CDDL + GPLv2 with classpath exception","http://glassfish.dev.java.net/nonav/public/CDDL+GPL.html",
"org.hamcrest:hamcrest-core:1.3",,"New BSD License","http://www.opensource.org/licenses/bsd-license.php",
"org.hdrhistogram:HdrHistogram:2.1.9","http://hdrhistogram.github.io/HdrHistogram/","Public Domain, per Creative Commons CC0","http://creativecommons.org/publicdomain/zero/1.0/",
"org.hibernate:hibernate-c3p0:5.2.8.Final","http://hibernate.org","GNU Lesser General Public License","http://www.gnu.org/licenses/lgpl-2.1.html",
"org.hibernate:hibernate-core:5.2.17.Final","http://hibernate.org","GNU Lesser General Public License","http://www.gnu.org/licenses/lgpl-2.1.html",
"org.hibernate:hibernate-ehcache:5.2.17.Final","http://hibernate.org","GNU Lesser General Public License","http://www.gnu.org/licenses/lgpl-2.1.html",
"org.hibernate:hibernate-entitymanager:5.2.1.Final","http://hibernate.org","GNU Lesser General Public License","http://www.gnu.org/licenses/lgpl-2.1.html",
"org.hibernate:hibernate-hikaricp:5.2.8.Final","http://hibernate.org","GNU Lesser General Public License","http://www.gnu.org/licenses/lgpl-2.1.html",
"org.hibernate:hibernate-java8:5.0.12.Final","http://hibernate.org","GNU Lesser General Public License","http://www.gnu.org/licenses/lgpl-2.1.html",
"org.hibernate:hibernate-validator:5.3.4.Final",,"Apache License, Version 2.0","http://www.apache.org/licenses/LICENSE-2.0.txt",
"org.hibernate:hibernate-validator:5.3.6.Final",,"Apache License 2.0","http://www.apache.org/licenses/LICENSE-2.0.txt",
"org.hibernate.common:hibernate-commons-annotations:5.0.1.Final","http://hibernate.org","GNU Lesser General Public License","http://www.gnu.org/licenses/lgpl-2.1.html",
"org.hibernate.javax.persistence:hibernate-jpa-2.1-api:1.0.0.Final","http://hibernate.org","Eclipse Public License (EPL), Version 1.0","http://www.eclipse.org/legal/epl-v10.html",
"org.jadira.usertype:usertype.core:6.0.1.GA",,"Apache 2","http://www.apache.org/licenses/LICENSE-2.0.txt",
"org.jadira.usertype:usertype.spi:6.0.1.GA",,"Apache 2","http://www.apache.org/licenses/LICENSE-2.0.txt",
"org.javassist:javassist:3.22.0-GA","http://www.javassist.org/","http://www.mozilla.org/MPL/MPL-1.1.html, http://www.gnu.org/licenses/lgpl-2.1.html, http://www.apache.org/licenses/",,
"org.jboss:jandex:2.0.3.Final","http://www.jboss.org","Public Domain","http://repository.jboss.org/licenses/cc0-1.0.txt",
"org.jboss.logging:jboss-logging:3.3.1.Final","http://www.jboss.org","Public Domain","http://repository.jboss.org/licenses/cc0-1.0.txt",
"org.jboss.spec.javax.transaction:jboss-transaction-api_1.2_spec:1.0.1.Final","http://www.jboss.org","http://repository.jboss.org/licenses/cddl.txt, http://repository.jboss.org/licenses/gpl-2.0-ce.txt",,
"org.json:json:20090211","http://www.json.org/java/index.html","provided without support or warranty","http://www.json.org/license.html",
"org.jvnet.mimepull:mimepull:1.8","http://www.oracle.com/","https://glassfish.java.net/public/CDDL+GPL_1_1.html, https://glassfish.java.net/public/CDDL+GPL_1_1.html",,
"org.kie:kie-api:7.1.0.Final","http://www.jboss.org/","The Apache Software License, Version 2.0","http://www.apache.org/licenses/LICENSE-2.0.txt",
"org.kie:kie-internal:7.1.0.Final","http://www.jboss.org/","The Apache Software License, Version 2.0","http://www.apache.org/licenses/LICENSE-2.0.txt",
"org.liquibase:liquibase-core:3.5.3","http://www.liquibase.org","Apache License, Version 2.0","http://www.apache.org/licenses/LICENSE-2.0",
"org.mapstruct:mapstruct:1.2.0.Final",,"The Apache Software License, Version 2.0","http://www.apache.org/licenses/LICENSE-2.0.txt",
"org.mapstruct:mapstruct-jdk8:1.1.0.Final",,"The Apache Software License, Version 2.0","http://www.apache.org/licenses/LICENSE-2.0.txt",
"org.mvel:mvel2:2.3.0.Final","http://www.jboss.org/","The Apache Software License, Version 2.0","http://www.apache.org/licenses/LICENSE-2.0.txt",
"org.objenesis:objenesis:2.5.1","http://objenesis.org","Apache License, Version 2.0","https://www.apache.org/licenses/LICENSE-2.0",
"org.ow2.asm:asm:5.0.4","http://asm.objectweb.org","The Apache Software License, Version 2.0","http://www.apache.org/licenses/LICENSE-2.0.txt",
"org.postgresql:postgresql:9.4.1208.jre7","http://jdbc.postgresql.org/","The PostgreSQL License","http://www.postgresql.org/about/licence/",
"org.postgresql:postgresql:9.4.1212.jre7","http://jdbc.postgresql.org/","The PostgreSQL License","http://www.postgresql.org/about/licence/",
"org.reflections:reflections:0.9.10","http://github.com/ronmamo/reflections","WTFPL","http://www.wtfpl.net/",
"org.secnod.dropwizard:dropwizard-shiro:0.2.0","https://github.com/silb/dropwizard-shiro","Apache License 2.0","http://www.apache.org/licenses/LICENSE-2.0.html",
"org.secnod.shiro:shiro-jersey:0.2.0","https://github.com/silb/shiro-jersey","Apache License 2.0","http://www.apache.org/licenses/LICENSE-2.0.html",
"org.slf4j:jcl-over-slf4j:1.7.24","http://www.slf4j.org","MIT License","http://www.opensource.org/licenses/mit-license.php",
"org.slf4j:jcl-over-slf4j:1.7.25","http://www.slf4j.org","MIT License","http://www.opensource.org/licenses/mit-license.php",
"org.slf4j:jul-to-slf4j:1.7.24","http://www.slf4j.org","MIT License","http://www.opensource.org/licenses/mit-license.php",
"org.slf4j:jul-to-slf4j:1.7.25","http://www.slf4j.org","MIT License","http://www.opensource.org/licenses/mit-license.php",
"org.slf4j:log4j-over-slf4j:1.7.24","http://www.slf4j.org","MIT License","http://www.opensource.org/licenses/mit-license.php",
"org.slf4j:log4j-over-slf4j:1.7.25","http://www.slf4j.org","MIT License","http://www.opensource.org/licenses/mit-license.php",
"org.slf4j:slf4j-api:1.7.25","http://www.slf4j.org","MIT License","http://www.opensource.org/licenses/mit-license.php",
"org.slf4j:slf4j-ext:1.7.25","http://www.slf4j.org","MIT License","http://www.opensource.org/licenses/mit-license.php",
"org.slf4j:slf4j-log4j12:1.7.25","http://www.slf4j.org","MIT License","http://www.opensource.org/licenses/mit-license.php",
"org.slf4j:slf4j-simple:1.7.25","http://www.slf4j.org","MIT License","http://www.opensource.org/licenses/mit-license.php",
"org.springframework:spring-aop:4.3.22.RELEASE","https://github.com/spring-projects/spring-framework","Apache License, Version 2.0","http://www.apache.org/licenses/LICENSE-2.0",
"org.springframework:spring-aspects:4.3.22.RELEASE","https://github.com/spring-projects/spring-framework","Apache License, Version 2.0","http://www.apache.org/licenses/LICENSE-2.0",
"org.springframework:spring-beans:4.3.22.RELEASE","https://github.com/spring-projects/spring-framework","Apache License, Version 2.0","http://www.apache.org/licenses/LICENSE-2.0",
"org.springframework:spring-context:4.3.22.RELEASE","https://github.com/spring-projects/spring-framework","Apache License, Version 2.0","http://www.apache.org/licenses/LICENSE-2.0",
"org.springframework:spring-context-support:4.3.22.RELEASE","https://github.com/spring-projects/spring-framework","Apache License, Version 2.0","http://www.apache.org/licenses/LICENSE-2.0",
"org.springframework:spring-core:4.3.22.RELEASE","https://github.com/spring-projects/spring-framework","Apache License, Version 2.0","http://www.apache.org/licenses/LICENSE-2.0",
"org.springframework:spring-expression:4.3.22.RELEASE","https://github.com/spring-projects/spring-framework","Apache License, Version 2.0","http://www.apache.org/licenses/LICENSE-2.0",
"org.springframework:spring-jdbc:4.3.22.RELEASE","https://github.com/spring-projects/spring-framework","Apache License, Version 2.0","http://www.apache.org/licenses/LICENSE-2.0",
"org.springframework:spring-orm:4.3.22.RELEASE","https://github.com/spring-projects/spring-framework","Apache License, Version 2.0","http://www.apache.org/licenses/LICENSE-2.0",
"org.springframework:spring-oxm:4.3.22.RELEASE","https://github.com/spring-projects/spring-framework","Apache License, Version 2.0","http://www.apache.org/licenses/LICENSE-2.0",
"org.springframework:spring-tx:4.3.22.RELEASE","https://github.com/spring-projects/spring-framework","Apache License, Version 2.0","http://www.apache.org/licenses/LICENSE-2.0",
"org.springframework:spring-web:4.3.22.RELEASE","https://github.com/spring-projects/spring-framework","Apache License, Version 2.0","http://www.apache.org/licenses/LICENSE-2.0",
"org.springframework:spring-webmvc:4.3.22.RELEASE","https://github.com/spring-projects/spring-framework","Apache License, Version 2.0","http://www.apache.org/licenses/LICENSE-2.0",
"org.springframework.boot:spring-boot:1.5.19.RELEASE","http://projects.spring.io/spring-boot/","Apache License, Version 2.0","http://www.apache.org/licenses/LICENSE-2.0",
"org.springframework.boot:spring-boot-actuator:1.5.19.RELEASE","http://projects.spring.io/spring-boot/","Apache License, Version 2.0","http://www.apache.org/licenses/LICENSE-2.0",
"org.springframework.boot:spring-boot-autoconfigure:1.5.19.RELEASE","http://projects.spring.io/spring-boot/","Apache License, Version 2.0","http://www.apache.org/licenses/LICENSE-2.0",
"org.springframework.boot:spring-boot-starter:1.5.19.RELEASE","http://projects.spring.io/spring-boot/","Apache License, Version 2.0","http://www.apache.org/licenses/LICENSE-2.0",
"org.springframework.boot:spring-boot-starter-actuator:1.5.19.RELEASE","http://projects.spring.io/spring-boot/","Apache License, Version 2.0","http://www.apache.org/licenses/LICENSE-2.0",
"org.springframework.boot:spring-boot-starter-aop:1.5.19.RELEASE","http://projects.spring.io/spring-boot/","Apache License, Version 2.0","http://www.apache.org/licenses/LICENSE-2.0",
"org.springframework.boot:spring-boot-starter-data-jpa:1.5.19.RELEASE","http://projects.spring.io/spring-boot/","Apache License, Version 2.0","http://www.apache.org/licenses/LICENSE-2.0",
"org.springframework.boot:spring-boot-starter-data-redis:1.5.19.RELEASE","http://projects.spring.io/spring-boot/","Apache License, Version 2.0","http://www.apache.org/licenses/LICENSE-2.0",
"org.springframework.boot:spring-boot-starter-jdbc:1.5.19.RELEASE","http://projects.spring.io/spring-boot/","Apache License, Version 2.0","http://www.apache.org/licenses/LICENSE-2.0",
"org.springframework.boot:spring-boot-starter-logging:1.5.19.RELEASE","http://projects.spring.io/spring-boot/","Apache License, Version 2.0","http://www.apache.org/licenses/LICENSE-2.0",
"org.springframework.boot:spring-boot-starter-security:1.5.19.RELEASE","http://projects.spring.io/spring-boot/","Apache License, Version 2.0","http://www.apache.org/licenses/LICENSE-2.0",
"org.springframework.boot:spring-boot-starter-thymeleaf:1.5.19.RELEASE","http://projects.spring.io/spring-boot/","Apache License, Version 2.0","http://www.apache.org/licenses/LICENSE-2.0",
"org.springframework.boot:spring-boot-starter-tomcat:1.5.19.RELEASE","http://projects.spring.io/spring-boot/","Apache License, Version 2.0","http://www.apache.org/licenses/LICENSE-2.0",
"org.springframework.boot:spring-boot-starter-web:1.5.19.RELEASE","http://projects.spring.io/spring-boot/","Apache License, Version 2.0","http://www.apache.org/licenses/LICENSE-2.0",
"org.springframework.data:spring-data-commons:1.13.18.RELEASE",,"Apache License, Version 2.0","http://www.apache.org/licenses/LICENSE-2.0",
"org.springframework.data:spring-data-jpa:1.11.18.RELEASE","http://projects.spring.io/spring-data-jpa","Apache License, Version 2.0","http://www.apache.org/licenses/LICENSE-2.0",
"org.springframework.data:spring-data-keyvalue:1.2.18.RELEASE",,"Apache License, Version 2.0","http://www.apache.org/licenses/LICENSE-2.0",
"org.springframework.data:spring-data-redis:1.8.18.RELEASE",,"Apache License, Version 2.0","http://www.apache.org/licenses/LICENSE-2.0",
"org.springframework.plugin:spring-plugin-core:1.2.0.RELEASE",,"Apache License, Version 2.0","http://www.apache.org/licenses/LICENSE-2.0",
"org.springframework.plugin:spring-plugin-metadata:1.2.0.RELEASE",,"Apache License, Version 2.0","http://www.apache.org/licenses/LICENSE-2.0",
"org.springframework.retry:spring-retry:1.2.2.RELEASE","http://www.springsource.org","Apache 2.0","http://www.apache.org/licenses/LICENSE-2.0.txt",
"org.springframework.security:spring-security-config:4.2.11.RELEASE","http://spring.io/spring-security","The Apache Software License, Version 2.0","http://www.apache.org/licenses/LICENSE-2.0.txt",
"org.springframework.security:spring-security-core:4.2.11.RELEASE","http://spring.io/spring-security","The Apache Software License, Version 2.0","http://www.apache.org/licenses/LICENSE-2.0.txt",
"org.springframework.security:spring-security-web:4.2.11.RELEASE","http://spring.io/spring-security","The Apache Software License, Version 2.0","http://www.apache.org/licenses/LICENSE-2.0.txt",
"org.springframework.security.oauth:spring-security-oauth2:2.0.13.RELEASE",,"Apache 2.0","http://www.apache.org/licenses/LICENSE-2.0.txt",
"org.springframework.session:spring-session:1.3.1.RELEASE","https://github.com/spring-projects/spring-session","The Apache Software License, Version 2.0","http://www.apache.org/licenses/LICENSE-2.0.txt",
"org.thymeleaf:thymeleaf:2.1.6.RELEASE","http://www.thymeleaf.org","The Apache Software License, Version 2.0","http://www.apache.org/licenses/LICENSE-2.0.txt",
"org.thymeleaf:thymeleaf-spring4:2.1.6.RELEASE","http://www.thymeleaf.org","The Apache Software License, Version 2.0","http://www.apache.org/licenses/LICENSE-2.0.txt",
"org.uberfire:uberfire-maven-support:1.1.0.Final","http://www.jboss.org/","The Apache Software License, Version 2.0","http://www.apache.org/licenses/LICENSE-2.0.txt",
"org.unbescape:unbescape:1.1.0.RELEASE","http://www.unbescape.org","The Apache Software License, Version 2.0","http://www.apache.org/licenses/LICENSE-2.0.txt",
"org.webjars:angularjs:1.4.3","http://webjars.org","MIT License","https://github.com/angular/angular.js/blob/master/LICENSE",
"org.webjars:bootstrap:3.2.0","http://webjars.org","Apache License, Version 2.0","http://www.apache.org/licenses/LICENSE-2.0",
"org.webjars:jquery:2.1.1","http://webjars.org","MIT License","https://github.com/jquery/jquery/blob/master/MIT-LICENSE.txt",
"org.webjars:webjars-locator:0.32","http://webjars.org","MIT","https://github.com/webjars/webjars-locator/blob/master/LICENSE.md",
"org.webjars:webjars-locator-core:0.30","http://webjars.org","MIT","https://github.com/webjars/webjars-locator-core/blob/master/LICENSE.md",
"org.yaml:snakeyaml:1.17","http://www.snakeyaml.org","Apache License, Version 2.0","http://www.apache.org/licenses/LICENSE-2.0.txt",
"redis.clients:jedis:2.9.1","https://github.com/xetorthio/jedis","MIT","http://github.com/xetorthio/jedis/raw/master/LICENSE.txt",
"software.amazon.ion:ion-java:1.0.2","https://github.com/amznlabs/ion-java/","The Apache License, Version 2.0","http://www.apache.org/licenses/LICENSE-2.0.txt",
"stax:stax-api:1.0.1","http://stax.codehaus.org/","The Apache Software License, Version 2.0","http://www.apache.org/licenses/LICENSE-2.0.txt",
"wsdl4j:wsdl4j:1.6.3","http://sf.net/projects/wsdl4j","CPL","http://www.opensource.org/licenses/cpl1.0.txt",
"xml-resolver:xml-resolver:1.2","http://xml.apache.org/commons/components/resolver/","The Apache Software License, Version 2.0","http://www.apache.org/licenses/LICENSE-2.0.txt",
"xmlpull:xmlpull:1.1.3.1","http://www.xmlpull.org","Public Domain","http://www.xmlpull.org/v1/download/unpacked/LICENSE.txt",
"xpp3:xpp3_min:1.1.4c","http://www.extreme.indiana.edu/xgws/xsoap/xpp/mxp1/","Public Domain","http://creativecommons.org/licenses/publicdomain",
